R_fighter,B_fighter,R_odds,B_odds,R_ev,B_ev,date,location,country,Winner,title_bout,weight_class,gender,no_of_rounds,B_current_lose_streak,B_current_win_streak,B_draw,B_avg_SIG_STR_landed,B_avg_SIG_STR_pct,B_avg_SUB_ATT,B_avg_TD_landed,B_avg_TD_pct,B_longest_win_streak,B_losses,B_total_rounds_fought,B_total_title_bouts,B_win_by_Decision_Majority,B_win_by_Decision_Split,B_win_by_Decision_Unanimous,B_win_by_KO/TKO,B_win_by_Submission,B_win_by_TKO_Doctor_Stoppage,B_wins,B_Stance,B_Height_cms,B_Reach_cms,B_Weight_lbs,R_current_lose_streak,R_current_win_streak,R_draw,R_avg_SIG_STR_landed,R_avg_SIG_STR_pct,R_avg_SUB_ATT,R_avg_TD_landed,R_avg_TD_pct,R_longest_win_streak,R_losses,R_total_rounds_fought,R_total_title_bouts,R_win_by_Decision_Majority,R_win_by_Decision_Split,R_win_by_Decision_Unanimous,R_win_by_KO/TKO,R_win_by_Submission,R_win_by_TKO_Doctor_Stoppage,R_wins,R_Stance,R_Height_cms,R_Reach_cms,R_Weight_lbs,R_age,B_age,lose_streak_dif,win_streak_dif,longest_win_streak_dif,win_dif,loss_dif,total_round_dif,total_title_bout_dif,ko_dif,sub_dif,height_dif,reach_dif,age_dif,sig_str_dif,avg_sub_att_dif,avg_td_dif,empty_arena,constant_1,B_match_weightclass_rank,R_match_weightclass_rank,R_Women's Flyweight_rank,R_Women's Featherweight_rank,R_Women's Strawweight_rank,R_Women's Bantamweight_rank,R_Heavyweight_rank,R_Light Heavyweight_rank,R_Middleweight_rank,R_Welterweight_rank,R_Lightweight_rank,R_Featherweight_rank,R_Bantamweight_rank,R_Flyweight_rank,R_Pound-for-Pound_rank,B_Women's Flyweight_rank,B_Women's Featherweight_rank,B_Women's Strawweight_rank,B_Women's Bantamweight_rank,B_Heavyweight_rank,B_Light Heavyweight_rank,B_Middleweight_rank,B_Welterweight_rank,B_Lightweight_rank,B_Featherweight_rank,B_Bantamweight_rank,B_Flyweight_rank,B_Pound-for-Pound_rank,better_rank,finish,finish_details,finish_round,finish_round_time,total_fight_time_secs,r_dec_odds,b_dec_odds,r_sub_odds,b_sub_odds,r_ko_odds,b_ko_odds
Thiago Santos,Johnny Walker,-150,+130,66.66666666666666,+130,2021-10-02,"Las Vegas, Nevada, USA",USA,Red,False,Light Heavyweight,MALE,5,0,1,0,3.42,0.59,0.7,0.24,1.0,4,2,11,0,0,0,1,4,0,0,5,Orthodox,198.12,208.28,205,3,0,0,3.95,0.48,0.1,0.61,0.36,4,8,43,1,0,0,2,11,0,0,13,Orthodox,187.96,193.04,205,37,29,-3,1,0,-8,-6,-32,-1,-7,0,10.159999999999997,15.240000000000007,-8,-0.5300000000000002,0.6,-0.37,1,1,10.0,5.0,,,,,,5.0,,,,,,,,,,,,,10.0,,,,,,,,Red,U-DEC,,5,5:00,1500,+800,+900,+2000,+1600,-110,+175
Alex Oliveira,Niko Price,+170,-200,+170,50.0,2021-10-02,"Las Vegas, Nevada, USA",USA,Blue,False,Welterweight,MALE,3,2,0,0,5.16,0.42,0.8,0.79,0.22,2,5,24,0,0,0,0,4,2,0,6,Orthodox,182.88,193.04,170,2,0,0,2.97,0.51,0.5,2.27,0.37,4,8,44,0,0,1,3,4,3,0,11,Orthodox,180.34,193.04,170,33,32,0,0,-2,-5,-3,-20,0,0,-1,2.539999999999992,0.0,-1,2.19,0.3,-1.48,1,1,,,,,,,,,,,,,,,,,,,,,,,,,,,,,neither,U-DEC,,3,5:00,900,+450,+350,+700,+1100,+550,+120
Misha Cirkunov,Krzysztof Jotko,+110,-130,+110,76.92307692307693,2021-10-02,"Las Vegas, Nevada, USA",USA,Blue,False,Middleweight,MALE,3,1,0,0,2.92,0.41,0.1,1.15,0.34,5,5,38,0,0,2,6,1,0,0,9,Southpaw,185.42,195.58,185,1,0,0,3.77,0.49,1.7,4.48,0.44,4,4,13,0,0,0,0,1,5,0,6,Orthodox,190.5,195.58,205,34,32,0,0,1,3,1,25,0,0,-5,-5.079999999999984,0.0,-2,-0.8500000000000001,-1.6,-3.3300000000000005,1,1,,,,,,,,13.0,,,,,,,,,,,,,,,,,,,,,neither,S-DEC,,3,5:00,900,+550,+275,+275,+1400,+600,+185
Alexander Hernandez,Mike Breeden,-675,+475,14.814814814814813,+475,2021-10-02,"Las Vegas, Nevada, USA",USA,Red,False,Lightweight,MALE,3,1,0,0,4.04,0.34,0.0,0.0,0.0,0,1,3,0,0,0,0,0,0,0,0,Orthodox,177.8,177.8,155,1,0,0,3.79,0.36,0.0,1.57,0.35,2,3,15,0,0,0,2,2,0,0,4,Orthodox,175.26,182.88,155,29,32,0,0,-2,-4,-2,-12,0,-2,0,2.5400000000000205,-5.079999999999984,3,0.25,0.0,-1.57,1,1,,,,,,,,,,,,,,,,,,,,,,,,,,,,,neither,KO/TKO,Punch,1,1:20,80,+175,+900,+500,+3500,+110,+1100
Joe Solecki,Jared Gordon,-135,+115,74.07407407407408,+115,2021-10-02,"Las Vegas, Nevada, USA",USA,Blue,False,Lightweight,MALE,3,0,2,0,5.22,0.56,0.0,2.54,0.39,2,3,19,0,0,0,4,1,0,0,5,Orthodox,175.26,172.72,145,0,4,0,2.64,0.62,0.6,2.85,0.52,4,0,8,0,0,0,2,0,2,0,4,Orthodox,175.26,177.8,155,28,33,0,-2,-2,1,3,11,0,1,-2,0.0,-5.0800000000000125,5,2.58,-0.6,-0.31,1,1,,,,,,,,,,,,,,,,,,,,,,,,,,,,,neither,S-DEC,,3,5:00,900,+165,+200,+400,+1200,+900,+600
Antonina Shevchenko,Casey O'Neill,+215,-265,+215,37.735849056603776,2021-10-02,"Las Vegas, Nevada, USA",USA,Blue,False,Women's Flyweight,FEMALE,3,0,2,0,5.48,0.56,1.4,3.83,0.5,2,0,5,0,0,0,0,1,1,0,2,Orthodox,167.64,175.26,125,1,0,0,3.89,0.56,0.5,0.51,0.5,2,3,17,0,0,0,1,2,1,0,4,Southpaw,172.72,170.18,125,36,23,-1,2,0,-2,-3,-12,0,-1,0,-5.079999999999984,5.079999999999984,-13,1.5900000000000003,0.8999999999999999,3.3200000000000003,1,1,,,,,,,,,,,,,,,,,,,,,,,,,,,,,neither,KO/TKO,Punches,2,4:47,587,+300,+200,+1600,+330,+1000,+300
Bethe Correia,Karol Rosa,+500,-720,+500,13.88888888888889,2021-10-02,"Las Vegas, Nevada, USA",USA,Blue,False,Women's Bantamweight,FEMALE,3,0,3,0,7.88,0.54,0.0,1.5,0.5,3,0,9,0,0,1,2,0,0,0,3,Orthodox,165.1,170.18,135,1,0,1,4.37,0.43,0.0,0.39,0.18,3,5,30,1,0,2,2,1,0,0,5,Orthodox,165.1,162.56,135,38,26,-1,3,0,-2,-5,-21,-1,-1,0,0.0,7.620000000000003,-12,3.51,0.0,1.11,1,1,15.0,,,,,,,,,,,,,,,,,,15.0,,,,,,,,,,Blue,U-DEC,,3,5:00,900,+700,-200,+2500,+600,+1600,+400
Devonte Smith,Jamie Mullarkey,-155,+135,64.51612903225806,+135,2021-10-02,"Las Vegas, Nevada, USA",USA,Blue,False,Lightweight,MALE,3,0,1,0,3.03,0.4,0.4,3.5,0.32,1,2,7,0,0,0,0,1,0,0,1,Orthodox,182.88,187.96,155,0,1,0,5.1,0.52,0.5,0.53,1.0,3,1,6,0,0,0,0,4,0,0,4,Orthodox,175.26,193.04,155,28,27,0,0,-2,-3,1,1,0,-3,0,7.620000000000003,-5.079999999999984,-1,-2.07,-0.0999999999999999,2.97,1,1,,,,,,,,,,,,,,,,,,,,,,,,,,,,,neither,KO/TKO,Punches,2,2:51,471,+330,+450,+2000,+900,+140,+330
Douglas Silva de Andrade,Gaetano Pirrello,-280,+225,35.714285714285715,+225,2021-10-02,"Las Vegas, Nevada, USA",USA,Red,False,Bantamweight,MALE,3,1,0,0,0.99,0.55,0.0,0.0,0.0,0,1,2,0,0,0,0,0,0,0,0,Orthodox,170.18,165.1,135,1,0,0,3.79,0.38,0.0,0.69,0.5,2,4,22,0,0,0,3,1,0,0,4,Orthodox,170.18,172.72,145,36,29,0,0,-2,-4,-3,-20,0,-1,0,0.0,-7.620000000000003,-7,-2.8,0.0,-0.69,1,1,,,,,,,,,,,,,,,,,,,,,,,,,,,,,neither,KO/TKO,Punch,1,2:04,124,+165,+450,+1400,+2000,+150,+600
Stephanie Egger,Shanna Young,-155,+135,64.51612903225806,+135,2021-10-02,"Las Vegas, Nevada, USA",USA,Red,False,Women's Bantamweight,FEMALE,3,2,0,0,3.04,0.53,1.0,0.0,0.0,0,2,5,0,0,0,0,0,0,0,0,Orthodox,170.18,165.1,135,1,0,0,1.74,0.52,0.0,2.01,0.3,0,1,3,0,0,0,0,0,0,0,0,Orthodox,167.64,172.72,135,33,30,1,0,0,0,1,2,0,0,0,2.539999999999992,-7.620000000000003,-3,1.3,1.0,-2.01,1,1,,,,,,,,,,,,,,,,,,,,,,,,,,,,,neither,KO/TKO,Elbow,2,2:22,442,+140,+225,+450,+900,+800,+900
Alejandro Perez,Johnny Eduardo,-300,+235,33.33333333333333,+235,2021-10-02,"Las Vegas, Nevada, USA",USA,Red,False,Bantamweight,MALE,3,2,0,0,2.95,0.39,0.4,0.22,0.2,2,4,14,0,0,0,1,2,0,0,3,Orthodox,170.18,180.34,135,2,0,1,3.45,0.35,0.4,0.61,0.23,4,3,25,0,0,1,3,3,0,0,7,Orthodox,167.64,165.1,145,32,43,0,0,-2,-4,1,-11,0,-1,0,2.539999999999992,15.240000000000007,11,-0.5,0.0,-0.39,1,1,,,,,,,,,,,,,,,,,,,,,,,,,,,,,neither,SUB,Armbar,2,4:13,553,+250,+600,+650,+900,+130,+550
