R_fighter,B_fighter,R_odds,B_odds,R_ev,B_ev,date,location,country,Winner,title_bout,weight_class,gender,no_of_rounds,B_current_lose_streak,B_current_win_streak,B_draw,B_avg_SIG_STR_landed,B_avg_SIG_STR_pct,B_avg_SUB_ATT,B_avg_TD_landed,B_avg_TD_pct,B_longest_win_streak,B_losses,B_total_rounds_fought,B_total_title_bouts,B_win_by_Decision_Majority,B_win_by_Decision_Split,B_win_by_Decision_Unanimous,B_win_by_KO/TKO,B_win_by_Submission,B_win_by_TKO_Doctor_Stoppage,B_wins,B_Stance,B_Height_cms,B_Reach_cms,B_Weight_lbs,R_current_lose_streak,R_current_win_streak,R_draw,R_avg_SIG_STR_landed,R_avg_SIG_STR_pct,R_avg_SUB_ATT,R_avg_TD_landed,R_avg_TD_pct,R_longest_win_streak,R_losses,R_total_rounds_fought,R_total_title_bouts,R_win_by_Decision_Majority,R_win_by_Decision_Split,R_win_by_Decision_Unanimous,R_win_by_KO/TKO,R_win_by_Submission,R_win_by_TKO_Doctor_Stoppage,R_wins,R_Stance,R_Height_cms,R_Reach_cms,R_Weight_lbs,R_age,B_age,lose_streak_dif,win_streak_dif,longest_win_streak_dif,win_dif,loss_dif,total_round_dif,total_title_bout_dif,ko_dif,sub_dif,height_dif,reach_dif,age_dif,sig_str_dif,avg_sub_att_dif,avg_td_dif,empty_arena,constant_1,B_match_weightclass_rank,R_match_weightclass_rank,R_Women's Flyweight_rank,R_Women's Featherweight_rank,R_Women's Strawweight_rank,R_Women's Bantamweight_rank,R_Heavyweight_rank,R_Light Heavyweight_rank,R_Middleweight_rank,R_Welterweight_rank,R_Lightweight_rank,R_Featherweight_rank,R_Bantamweight_rank,R_Flyweight_rank,R_Pound-for-Pound_rank,B_Women's Flyweight_rank,B_Women's Featherweight_rank,B_Women's Strawweight_rank,B_Women's Bantamweight_rank,B_Heavyweight_rank,B_Light Heavyweight_rank,B_Middleweight_rank,B_Welterweight_rank,B_Lightweight_rank,B_Featherweight_rank,B_Bantamweight_rank,B_Flyweight_rank,B_Pound-for-Pound_rank,better_rank,finish,finish_details,finish_round,finish_round_time,total_fight_time_secs,r_dec_odds,b_dec_odds,r_sub_odds,b_sub_odds,r_ko_odds,b_ko_odds
Mackenzie Dern,Marina Rodriguez,-195,+165,51.28205128205128,+165,2021-10-09,"Las Vegas, Nevada, USA",USA,,False,Women's Strawweight,FEMALE,5,0,2,2,4.89,0.48,0.1,0.28,0.33,2,1,23,0,0,0,3,2,0,0,5,Orthodox,167.64,165.1,115,0,4,0,3.64,0.38,2.3,0.51,0.1,4,1,13,0,0,1,1,0,4,0,6,Orthodox,162.56,160.02,115,28,34,0,-2,-2,-1,0,10,0,2,-4,5.0800000000000125,5.079999999999984,6,1.2499999999999996,-2.2,-0.2299999999999999,1,1,6.0,4.0,,,4.0,,,,,,,,,,12.0,,,6.0,,,,,,,,,,,Red,,,,,,+500,+400,+100,+2800,+900,+380
Randy Brown,Jared Gooden,-265,+215,37.735849056603776,+215,2021-10-09,"Las Vegas, Nevada, USA",USA,,False,Welterweight,MALE,3,0,1,0,5.04,0.42,0.0,0.96,1.0,1,2,7,0,0,0,0,1,0,0,1,Orthodox,182.88,195.58,170,0,1,0,3.72,0.47,0.7,0.98,0.46,2,4,26,0,0,0,2,2,3,0,7,Orthodox,190.5,198.12,170,31,27,0,0,-1,-6,-2,-19,0,-1,-3,-7.620000000000003,-2.539999999999992,-4,1.3199999999999998,-0.7,-0.02,1,1,,,,,,,,,,,,,,,,,,,,,,,,,,,,,neither,,,,,,+200,+550,+400,+1600,+215,+500
Tim Elliott,Matheus Nicolau,+155,-180,+155,55.55555555555556,2021-10-09,"Las Vegas, Nevada, USA",USA,,False,Flyweight,MALE,3,0,1,0,3.79,0.52,1.4,1.93,0.44,3,1,13,0,0,2,1,0,1,0,4,Orthodox,167.64,167.64,125,0,2,0,3.35,0.45,1.1,4.01,0.49,2,9,39,1,0,0,5,0,1,0,6,Southpaw,170.18,167.64,125,34,28,0,-1,1,-2,-8,-26,-1,0,0,-2.539999999999992,0.0,-6,0.4399999999999999,0.2999999999999998,-2.08,1,1,11.0,9.0,,,,,,,,,,,,9.0,,,,,,,,,,,,,11.0,,Red,,,,,,+240,+120,+800,+450,+1600,+650
Sabina Mazo,Mariya Agapova,-190,+160,52.63157894736842,+160,2021-10-09,"Las Vegas, Nevada, USA",USA,,False,Women's Flyweight,FEMALE,3,1,0,0,3.7,0.5,0.6,1.23,0.66,1,2,6,0,0,0,0,0,1,0,1,Southpaw,167.64,172.72,125,1,0,0,6.56,0.44,0.2,0.81,0.8,3,2,15,0,0,1,1,0,1,0,3,Orthodox,170.18,177.8,125,24,24,0,0,-2,-2,0,-9,0,0,0,-2.539999999999992,-5.0800000000000125,0,-2.8599999999999994,0.3999999999999999,0.4199999999999999,1,1,,,,,,,,,,,,,,,,,,,,,,,,,,,,,neither,,,,,,+130,+350,+800,+800,+350,+750
Chris Gutierrez,Felipe Colares,-235,+190,42.5531914893617,+190,2021-10-09,"Las Vegas, Nevada, USA",USA,,False,Bantamweight,MALE,3,0,1,0,2.15,0.51,0.8,2.0,0.23,1,2,12,0,0,1,1,0,0,0,2,Orthodox,172.72,175.26,135,0,4,1,4.3,0.57,0.2,0.57,0.6,3,1,16,0,0,1,2,1,0,0,4,Orthodox,175.26,170.18,145,30,27,0,-3,-2,-2,1,-4,0,-1,0,-2.539999999999992,5.079999999999984,-3,-2.15,0.6000000000000001,1.4300000000000002,1,1,,,,,,,,,,,,,,,,,,,,,,,,,,,,,neither,,,,,,-110,+400,+1000,+600,+400,+1200
Alexandr Romanov,Jared Vanderaa,-525,+385,19.047619047619047,+385,2021-10-09,"Las Vegas, Nevada, USA",USA,,False,Heavyweight,MALE,3,0,1,0,5.59,0.49,0.0,0.53,1.0,1,1,6,0,0,0,1,1,0,0,2,Orthodox,193.04,203.2,260,0,3,0,3.68,0.44,1.8,4.75,0.61,3,0,6,0,0,1,0,0,2,0,3,Southpaw,187.96,190.5,262,30,29,0,-2,-2,-1,1,0,0,1,-2,5.079999999999984,12.699999999999989,-1,1.91,-1.8,-4.22,1,1,,,,,,,,,,,,,,,,,,,,,,,,,,,,,neither,,,,,,+450,+1100,+140,+2200,+165,+700
Charles Rosa,Damon Jackson,+165,-195,+165,51.28205128205128,2021-10-09,"Las Vegas, Nevada, USA",USA,,False,Featherweight,MALE,3,1,0,1,2.46,0.35,2.7,1.14,0.2,1,2,10,0,0,0,0,0,1,0,1,Switch,180.34,180.34,145,0,1,0,3.14,0.36,1.1,1.78,0.35,1,5,28,0,0,2,1,0,2,0,5,Switch,175.26,175.26,145,35,33,1,-1,0,-4,-3,-18,0,0,-1,5.0800000000000125,5.0800000000000125,-2,-0.6800000000000002,1.6,-0.6400000000000001,1,1,,,,,,,,,,,,,,,,,,,,,,,,,,,,,neither,,,,,,+300,+140,+650,+350,+1100,+700
Loopy Godinez,Silvana Gomez Juarez,-335,+260,29.850746268656714,+260,2021-10-09,"Las Vegas, Nevada, USA",USA,,False,Women's Strawweight,FEMALE,3,0,0,0,0.0,0.0,0.0,0.0,0.0,0,0,0,0,0,0,0,0,0,0,0,Orthodox,160.02,165.1,115,1,0,0,2.67,0.54,0.0,3.0,0.33,0,1,3,0,0,0,0,0,0,0,0,Orthodox,157.48,154.94,115,28,36,-1,0,0,0,-1,-3,0,0,0,2.5400000000000205,10.159999999999997,8,-2.67,0.0,-3.0,1,1,,,,,,,,,,,,,,,,,,,,,,,,,,,,,neither,,,,,,-135,,+700,,+400,
Steve Garcia,Charlie Ontiveros,-335,+260,29.850746268656714,+260,2021-10-09,"Las Vegas, Nevada, USA",USA,,False,Lightweight,MALE,3,1,0,0,0.33,0.4,0.0,0.0,0.0,0,1,1,0,0,0,0,0,0,0,0,Switch,187.96,198.12,185,1,0,0,4.31,0.55,0.6,0.61,0.25,1,1,4,0,0,0,0,1,0,0,1,Southpaw,182.88,190.5,155,29,30,0,0,-1,-1,0,-3,0,-1,0,5.0800000000000125,7.620000000000003,1,-3.98,-0.6,-0.61,1,1,,,,,,,,,,,,,,,,,,,,,,,,,,,,,neither,,,,,,+400,+650,+800,+1400,-135,+650
