id,Strength
5407,48.812027
5408,19.892656
5409,34.34948
5410,47.564075
5411,30.747303
5412,42.07179
5413,33.768257
5414,23.207579
5415,45.7768
5416,36.037617
5417,45.952183
5418,52.848106
5419,39.76064
5420,45.381428
5421,32.376923
5422,22.803509
5423,49.547745
5424,46.510685
5425,38.690315
5426,52.196217
5427,15.602259
5428,18.950834
5429,16.963387
5430,24.43549
5431,19.296316
5432,48.840683
5433,19.52614
5434,39.83438
5435,40.344364
5436,35.893627
5437,41.01981
5438,27.763746
5439,46.6228
5440,34.567673
5441,17.472029
5442,42.054993
5443,35.441273
5444,36.069138
5445,19.282154
5446,39.625214
5447,39.961437
5448,19.949703
5449,51.243607
5450,39.70577
5451,48.582317
5452,23.235811
5453,33.712624
5454,35.100903
5455,39.04047
5456,35.33383
5457,19.149963
5458,36.096443
5459,26.273829
5460,29.80248
5461,27.11143
5462,22.332516
5463,38.058422
5464,36.600388
5465,48.48971
5466,43.90088
5467,41.94855
5468,14.13765
5469,37.466248
5470,15.707115
5471,32.802563
5472,23.281052
5473,24.10905
5474,40.147675
5475,18.08972
5476,47.710163
5477,42.124866
5478,37.587868
5479,22.744709
5480,40.15298
5481,40.16484
5482,36.361893
5483,34.439564
5484,39.600914
5485,44.77237
5486,47.913162
5487,40.697464
5488,37.78016
5489,47.281467
5490,40.486073
5491,20.670456
5492,46.956978
5493,34.23003
5494,39.20061
5495,26.020895
5496,41.105408
5497,37.622845
5498,39.38331
5499,50.617104
5500,38.56174
5501,24.441671
5502,40.51648
5503,18.925945
5504,50.658207
5505,33.094543
5506,39.125286
5507,43.609154
5508,36.846577
5509,39.511093
5510,49.121937
5511,40.11041
5512,19.468363
5513,46.038036
5514,13.8932705
5515,39.961433
5516,51.243607
5517,36.929985
5518,41.94855
5519,19.171118
5520,48.840683
5521,40.22471
5522,28.831966
5523,37.86092
5524,13.8932705
5525,30.979769
5526,12.733716
5527,35.52443
5528,28.344933
5529,50.854664
5530,39.284718
5531,48.070473
5532,51.977295
5533,26.124676
5534,49.092983
5535,14.546557
5536,52.802017
5537,14.075366
5538,40.201828
5539,17.119009
5540,22.029781
5541,38.41765
5542,21.356077
5543,52.467598
5544,19.213404
5545,38.430687
5546,46.839195
5547,32.168198
5548,30.22704
5549,28.126434
5550,34.97493
5551,34.199017
5552,15.556413
5553,41.94156
5554,13.010656
5555,45.99363
5556,36.600388
5557,39.625214
5558,22.034252
5559,48.409943
5560,17.809164
5561,34.199017
5562,46.615974
5563,35.893627
5564,39.281544
5565,41.91735
5566,34.379665
5567,27.302279
5568,48.17613
5569,47.543304
5570,23.791626
5571,14.6016245
5572,19.620968
5573,36.096443
5574,34.307484
5575,15.616401
5576,34.089855
5577,35.90691
5578,36.474594
5579,39.38331
5580,34.02059
5581,39.961437
5582,27.616373
5583,39.38331
5584,45.526676
5585,48.51333
5586,20.841633
5587,37.879395
5588,21.211027
5589,18.68945
5590,45.46726
5591,51.69585
5592,39.608814
5593,38.2956
5594,39.961437
5595,40.412136
5596,52.163956
5597,35.184746
5598,47.95797
5599,19.726849
5600,13.601359
5601,39.027504
5602,39.36411
5603,37.446125
5604,37.586628
5605,18.162813
5606,36.069138
5607,31.628866
5608,43.911182
5609,35.156822
5610,35.038162
5611,35.339214
5612,38.256874
5613,20.35945
5614,35.558353
5615,29.292568
5616,17.358168
5617,39.405327
5618,21.79004
5619,19.275974
5620,50.33061
5621,26.44153
5622,47.839813
5623,20.206274
5624,15.788497
5625,34.23003
5626,38.56174
5627,51.69585
5628,28.04848
5629,43.110813
5630,39.010185
5631,49.9056
5632,39.848206
5633,37.22643
5634,26.646324
5635,19.242895
5636,19.620968
5637,34.4393
5638,38.56174
5639,40.060886
5640,40.148777
5641,18.68945
5642,38.56475
5643,28.262854
5644,45.020267
5645,48.840683
5646,21.49841
5647,39.961433
5648,26.90574
5649,35.633472
5650,40.32716
5651,35.160217
5652,42.539307
5653,37.22643
5654,56.17817
5655,34.450264
5656,23.674871
5657,43.681232
5658,21.132532
5659,18.402834
5660,39.922733
5661,39.00703
5662,47.121174
5663,36.79608
5664,47.609535
5665,48.840683
5666,31.111387
5667,17.10036
5668,30.578777
5669,19.771551
5670,18.862753
5671,34.682083
5672,42.5396
5673,15.556413
5674,15.660806
5675,19.275974
5676,39.76064
5677,39.600914
5678,46.956978
5679,17.863455
5680,39.922733
5681,34.259716
5682,40.132866
5683,36.84502
5684,59.572426
5685,40.418285
5686,34.652355
5687,40.63631
5688,41.42289
5689,48.925846
5690,41.512085
5691,47.041557
5692,48.350666
5693,39.76064
5694,21.01885
5695,33.90305
5696,39.04386
5697,33.238453
5698,49.515854
5699,51.405945
5700,33.19429
5701,26.135912
5702,35.98926
5703,18.162813
5704,26.109396
5705,46.43154
5706,58.753105
5707,51.69585
5708,40.350136
5709,43.77473
5710,37.19823
5711,26.891558
5712,26.53844
5713,48.840683
5714,53.08537
5715,20.142525
5716,26.358969
5717,34.400593
5718,35.48981
5719,35.105324
5720,47.839813
5721,51.187374
5722,14.715473
5723,48.563168
5724,38.47496
5725,35.674973
5726,15.345919
5727,42.20384
5728,18.85902
5729,39.38331
5730,39.818222
5731,47.03525
5732,18.795595
5733,40.32887
5734,37.066204
5735,26.015923
5736,40.63631
5737,18.106674
5738,43.01807
5739,50.477158
5740,31.570135
5741,26.90574
5742,40.324615
5743,27.35293
5744,20.389988
5745,39.76064
5746,35.003822
5747,47.73417
5748,37.355648
5749,39.94989
5750,37.39835
5751,23.575285
5752,35.68747
5753,26.769041
5754,14.142549
5755,59.387127
5756,40.15298
5757,39.04047
5758,28.126434
5759,40.814003
5760,21.211027
5761,37.102985
5762,21.088963
5763,21.001823
5764,50.64456
5765,15.556413
5766,18.90615
5767,36.15274
5768,18.084787
5769,40.385338
5770,40.272694
5771,19.52119
5772,41.94855
5773,15.045351
5774,40.39131
5775,39.848206
5776,30.893877
5777,43.72954
5778,19.036383
5779,42.78508
5780,40.432552
5781,16.655447
5782,46.41846
5783,41.80132
5784,35.271385
5785,48.925846
5786,19.55987
5787,39.284718
5788,34.350388
5789,49.71708
5790,14.286814
5791,19.275974
5792,26.015717
5793,15.556413
5794,41.18814
5795,39.76064
5796,46.41846
5797,40.201694
5798,45.90895
5799,18.715944
5800,23.802582
5801,23.661577
5802,45.72285
5803,43.754883
5804,39.38331
5805,33.96845
5806,19.620968
5807,36.990105
5808,57.338272
5809,30.893877
5810,26.135912
5811,33.00653
5812,42.165268
5813,47.869144
5814,36.175137
5815,33.238453
5816,39.600914
5817,45.721
5818,19.275974
5819,41.15873
5820,38.56475
5821,33.51543
5822,34.172844
5823,34.502525
5824,33.060623
5825,44.065533
5826,25.914118
5827,19.722137
5828,47.839813
5829,20.136127
5830,19.468363
5831,38.410725
5832,19.275974
5833,48.130043
5834,26.984009
5835,39.961437
5836,31.590933
5837,34.711666
5838,37.78016
5839,21.001823
5840,36.39104
5841,45.52277
5842,43.72954
5843,36.600388
5844,55.369087
5845,26.273829
5846,35.893627
5847,30.490065
5848,35.536377
5849,39.775425
5850,19.468363
5851,28.048779
5852,37.422085
5853,45.48132
5854,35.914673
5855,18.721714
5856,40.12629
5857,38.56174
5858,50.181236
5859,19.898897
5860,38.56174
5861,43.99119
5862,46.193783
5863,33.238453
5864,39.965786
5865,26.762444
5866,41.129837
5867,41.281067
5868,41.727535
5869,14.150041
5870,18.26021
5871,37.95146
5872,20.486
5873,35.488506
5874,39.73802
5875,24.136059
5876,48.265743
5877,47.380783
5878,28.026085
5879,17.54012
5880,51.187374
5881,13.563433
5882,35.893627
5883,50.3782
5884,39.918182
5885,34.65877
5886,35.160084
5887,34.199017
5888,37.86092
5889,35.48981
5890,42.29659
5891,46.619686
5892,22.622637
5893,49.023716
5894,48.350666
5895,39.382923
5896,19.171486
5897,59.196625
5898,22.332516
5899,45.721
5900,38.674244
5901,13.63832
5902,50.799488
5903,38.7507
5904,46.827705
5905,32.33588
5906,47.839813
5907,33.116264
5908,33.238453
5909,39.818222
5910,44.853825
5911,50.799488
5912,39.818222
5913,54.278347
5914,39.818222
5915,40.053467
5916,22.299389
5917,36.599224
5918,37.06727
5919,34.23003
5920,37.840763
5921,49.547745
5922,39.507877
5923,18.837788
5924,39.20061
5925,35.96888
5926,35.723198
5927,37.564587
5928,38.56174
5929,42.276924
5930,21.381887
5931,25.112663
5932,24.511625
5933,32.339794
5934,50.4716
5935,31.651316
5936,39.624786
5937,24.136059
5938,56.52946
5939,31.997591
5940,41.94855
5941,31.856443
5942,47.114304
5943,47.131874
5944,50.511925
5945,37.319584
5946,36.461235
5947,49.327282
5948,37.0819
5949,24.136059
5950,42.839314
5951,18.902962
5952,43.74139
5953,34.980858
5954,46.956978
5955,17.787367
5956,39.587933
5957,36.81521
5958,18.057985
5959,26.891558
5960,39.04047
5961,47.95797
5962,18.316996
5963,32.376923
5964,41.35165
5965,19.519032
5966,35.425934
5967,28.981918
5968,36.702984
5969,40.66813
5970,26.168718
5971,44.24665
5972,44.761604
5973,42.752167
5974,17.871101
5975,19.01814
5976,45.70514
5977,39.818222
5978,33.836723
5979,18.684683
5980,29.0446
5981,22.803509
5982,34.089855
5983,28.048779
5984,54.543804
5985,38.56475
5986,35.100903
5987,40.63631
5988,42.20384
5989,14.880796
5990,39.76064
5991,46.37644
5992,40.468185
5993,43.859833
5994,17.787367
5995,35.189777
5996,49.904312
5997,19.903677
5998,19.468363
5999,21.211027
6000,44.23838
6001,44.761604
6002,40.350136
6003,27.779644
6004,34.199017
6005,27.779644
6006,45.754517
6007,21.274399
6008,48.716225
6009,32.118015
6010,18.90615
6011,13.636071
6012,47.192665
6013,48.354267
6014,59.65728
6015,17.119009
6016,23.674871
6017,38.86106
6018,43.167706
6019,14.845144
6020,33.03549
6021,17.472029
6022,32.808804
6023,28.04848
6024,51.187374
6025,39.755287
6026,39.76064
6027,40.39131
6028,22.175438
6029,21.483725
6030,16.963387
6031,45.36373
6032,27.302279
6033,46.802895
6034,32.82927
6035,47.667175
6036,39.961437
6037,38.051983
6038,39.961433
6039,49.33473
6040,29.530704
6041,54.756126
6042,44.44355
6043,45.479424
6044,19.518269
6045,39.392742
6046,39.41943
6047,48.74958
6048,40.362873
6049,35.21854
6050,46.116783
6051,32.42283
6052,39.70577
6053,33.684746
6054,23.191664
6055,40.642445
6056,44.24665
6057,23.559711
6058,33.41934
6059,22.332516
6060,22.139908
6061,37.22643
6062,33.46574
6063,14.286814
6064,43.822807
6065,52.84648
6066,23.518438
6067,38.430687
6068,35.100903
6069,40.22471
6070,42.045628
6071,32.46379
6072,20.15713
6073,15.55842
6074,34.87458
6075,13.117007
6076,52.116444
6077,43.152607
6078,33.238453
6079,40.588207
6080,40.432552
6081,38.820667
6082,35.125538
6083,23.831234
6084,22.175438
6085,59.48352
6086,32.483624
6087,19.187235
6088,32.85071
6089,26.783224
6090,42.01769
6091,47.95797
6092,35.723965
6093,44.50184
6094,51.187374
6095,35.94707
6096,48.60891
6097,48.81154
6098,40.588207
6099,40.450516
6100,39.03424
6101,19.265789
6102,49.979435
6103,35.656338
6104,38.770725
6105,37.76459
6106,34.019276
6107,50.442818
6108,40.813023
6109,14.845144
6110,45.337387
6111,43.21602
6112,52.72567
6113,15.595101
6114,47.09744
6115,19.55987
6116,20.148226
6117,45.044186
6118,42.955032
6119,29.148716
6120,18.795595
6121,53.925247
6122,39.848206
6123,18.162813
6124,16.37382
6125,58.6554
6126,34.34948
6127,39.625214
6128,41.229008
6129,19.465258
6130,31.892954
6131,39.818222
6132,17.314098
6133,27.302279
6134,30.414278
6135,40.36126
6136,35.96888
6137,18.837788
6138,15.089712
6139,38.60596
6140,44.24665
6141,36.19801
6142,58.6554
6143,17.560204
6144,27.339066
6145,44.57852
6146,53.777596
6147,34.089855
6148,34.350388
6149,36.600388
6150,21.26737
6151,46.84439
6152,15.556413
6153,47.97379
6154,44.916245
6155,45.73925
6156,45.35735
6157,24.962109
6158,45.269672
6159,34.019276
6160,51.74483
6161,46.12759
6162,33.629116
6163,30.419239
6164,45.48132
6165,21.79004
6166,39.571716
6167,39.961437
6168,36.553764
6169,24.251736
6170,40.56253
6171,17.314098
6172,43.795578
6173,31.892954
6174,22.332516
6175,34.089855
6176,36.220993
6177,52.357304
6178,30.217567
6179,17.119009
6180,36.096443
6181,41.42512
6182,42.79968
6183,40.40772
6184,18.602982
6185,40.15298
6186,28.059967
6187,38.56475
6188,41.19641
6189,35.60869
6190,41.53371
6191,22.803509
6192,34.172844
6193,40.73461
6194,39.961437
6195,40.09543
6196,39.62986
6197,37.181602
6198,56.120373
6199,17.787367
6200,39.232224
6201,37.43874
6202,35.105324
6203,34.23003
6204,40.10943
6205,48.40997
6206,47.886684
6207,35.68747
6208,35.184746
6209,35.184746
6210,41.981915
6211,52.966183
6212,50.6365
6213,14.930871
6214,47.839813
6215,41.80132
6216,29.763329
6217,49.601208
6218,50.19424
6219,49.023716
6220,50.73105
6221,37.29439
6222,52.655567
6223,47.121174
6224,49.76397
6225,36.63522
6226,50.591805
6227,17.19624
6228,34.172844
6229,14.282253
6230,39.625214
6231,35.49984
6232,14.904502
6233,31.893236
6234,37.472027
6235,38.177593
6236,41.80132
6237,47.609535
6238,33.51543
6239,35.13671
6240,31.130873
6241,17.792482
6242,37.34055
6243,19.275974
6244,46.088764
6245,50.01642
6246,40.148777
6247,35.276516
6248,29.161112
6249,34.30065
6250,24.794168
6251,50.799488
6252,52.19328
6253,55.06517
6254,38.751343
6255,30.420755
6256,37.430588
6257,29.62496
6258,38.019627
6259,32.483624
6260,19.55987
6261,36.314617
6262,40.272236
6263,21.214203
6264,40.17204
6265,40.531178
6266,40.380974
6267,39.848206
6268,20.861324
6269,41.384785
6270,32.33588
6271,19.613052
6272,43.01807
6273,35.959522
6274,15.85698
6275,35.129467
6276,18.972162
6277,19.804192
6278,23.092865
6279,19.35516
6280,40.22471
6281,29.329845
6282,46.253517
6283,39.276443
6284,24.069838
6285,50.01642
6286,16.097925
6287,37.567047
6288,35.21854
6289,48.0917
6290,42.26516
6291,42.689228
6292,19.275974
6293,39.70577
6294,51.243607
6295,36.700752
6296,37.025795
6297,35.966404
6298,37.74484
6299,44.83988
6300,18.862753
6301,14.188929
6302,32.722664
6303,19.275974
6304,51.243607
6305,39.027504
6306,24.193432
6307,35.105324
6308,43.01807
6309,47.95797
6310,47.113064
6311,29.763329
6312,39.38331
6313,50.02403
6314,45.721
6315,28.732138
6316,27.081516
6317,39.76064
6318,26.093128
6319,47.036453
6320,46.124016
6321,40.56253
6322,42.26516
6323,28.262945
6324,39.625214
6325,41.774746
6326,27.016973
6327,16.387487
6328,45.48132
6329,20.752481
6330,17.910404
6331,30.400562
6332,36.28356
6333,26.790512
6334,41.325336
6335,28.691862
6336,17.86903
6337,26.015717
6338,32.33588
6339,19.206562
6340,40.172153
6341,38.506966
6342,32.840324
6343,46.862015
6344,19.786762
6345,46.41846
6346,35.976326
6347,41.876568
6348,32.854034
6349,23.265041
6350,39.081284
6351,26.015923
6352,39.187645
6353,19.152998
6354,40.686626
6355,36.84254
6356,53.085445
6357,27.15082
6358,40.486073
6359,26.90574
6360,42.79968
6361,31.892954
6362,41.94855
6363,35.35132
6364,55.752815
6365,29.329845
6366,38.56475
6367,28.262945
6368,37.78016
6369,21.01885
6370,46.276825
6371,39.85336
6372,40.432552
6373,18.86203
6374,36.23697
6375,28.855598
6376,50.598076
6377,19.275974
6378,40.906513
6379,30.862463
6380,51.69585
6381,42.124866
6382,36.90217
6383,52.915314
6384,38.86106
6385,35.257446
6386,17.417454
6387,40.432552
6388,19.413824
6389,17.548374
6390,49.926357
6391,52.7226
6392,41.65548
6393,38.69822
6394,49.835495
6395,24.927565
6396,53.490685
6397,39.04047
6398,20.080349
6399,49.556618
6400,42.124866
6401,43.023643
6402,39.440205
6403,48.563168
6404,35.42758
6405,40.22471
6406,17.119009
6407,31.425425
6408,20.636206
6409,19.275974
6410,24.041403
6411,36.017445
6412,18.263376
6413,45.14322
6414,30.024157
6415,48.261524
6416,39.010185
6417,39.922733
6418,15.556413
6419,33.78842
6420,22.473133
6421,35.184746
6422,50.19772
6423,23.265041
6424,20.840443
6425,38.59244
6426,40.697464
6427,58.40336
6428,36.107418
6429,40.697464
6430,25.97124
6431,36.2309
6432,47.389797
6433,39.94523
6434,40.66813
6435,38.86106
6436,23.092865
6437,47.839813
6438,26.952467
6439,43.754574
6440,53.760063
6441,22.709724
6442,34.019276
6443,25.602295
6444,34.44152
6445,33.985626
6446,18.106674
6447,19.698792
6448,36.096443
6449,37.63456
6450,31.472605
6451,44.24665
6452,42.67957
6453,30.39158
6454,43.003304
6455,21.769716
6456,40.201694
6457,41.383564
6458,21.01885
6459,21.005241
6460,46.2842
6461,39.76064
6462,35.139317
6463,16.68859
6464,31.892954
6465,33.382847
6466,38.427658
6467,34.199017
6468,23.27069
6469,40.08059
6470,46.988045
6471,50.14394
6472,15.608282
6473,37.00436
6474,33.51543
6475,38.177593
6476,44.24665
6477,36.90217
6478,34.089855
6479,31.867773
6480,40.486073
6481,21.399935
6482,38.11542
6483,26.637003
6484,40.344364
6485,40.66813
6486,34.22522
6487,16.475235
6488,60.899036
6489,39.04047
6490,35.239166
6491,46.038036
6492,30.820385
6493,22.034252
6494,19.275974
6495,48.563168
6496,40.22471
6497,32.647346
6498,41.02121
6499,40.588207
6500,26.273829
6501,40.450516
6502,36.835648
6503,49.988277
6504,42.855312
6505,39.625214
6506,51.79246
6507,52.848106
6508,35.189777
6509,50.506126
6510,44.761604
6511,47.95797
6512,39.818222
6513,24.180044
6514,35.68747
6515,25.14256
6516,47.121174
6517,31.893236
6518,29.525023
6519,24.193432
6520,38.66438
6521,35.818615
6522,36.599224
6523,40.22471
6524,36.096443
6525,15.787546
6526,33.94495
6527,31.180006
6528,44.77237
6529,28.530855
6530,27.67439
6531,50.271687
6532,18.26021
6533,42.01072
6534,39.94631
6535,46.693447
6536,18.78111
6537,35.96888
6538,33.238453
6539,16.226013
6540,29.745146
6541,14.164372
6542,40.22471
6543,38.94188
6544,39.848206
6545,26.149075
6546,34.614765
6547,36.548397
6548,36.700752
6549,44.450573
6550,21.901133
6551,38.926914
6552,14.39979
6553,15.707115
6554,27.155167
6555,38.909225
6556,43.01807
6557,40.272694
6558,22.824572
6559,40.794437
6560,38.23913
6561,49.800976
6562,37.587868
6563,15.556413
6564,52.26201
6565,35.022045
6566,18.68945
6567,34.23003
6568,42.00339
6569,40.56253
6570,49.158657
6571,37.694374
6572,40.39131
6573,46.158077
6574,52.306976
6575,29.324614
6576,39.455765
6577,35.33383
6578,30.507668
6579,39.961433
6580,36.768215
6581,21.775095
6582,37.78016
6583,19.282154
6584,29.464947
6585,39.832825
6586,30.247904
6587,33.18736
6588,39.16523
6589,36.39104
6590,45.48132
6591,40.63631
6592,38.65903
6593,37.26494
6594,39.850773
6595,40.432552
6596,38.37085
6597,34.564922
6598,34.446297
6599,41.035736
6600,36.05969
6601,34.350388
6602,38.579594
6603,37.22643
6604,23.261526
6605,17.204357
6606,45.763496
6607,19.227953
6608,18.73676
6609,40.64341
6610,29.295729
6611,45.720425
6612,20.389988
6613,44.24665
6614,47.21705
6615,34.446297
6616,51.243607
6617,31.849735
6618,19.275974
6619,43.22629
6620,20.147562
6621,39.04047
6622,42.276924
6623,48.11578
6624,18.29267
6625,47.062016
6626,26.534697
6627,31.867773
6628,45.77313
6629,24.110369
6630,35.100903
6631,26.90574
6632,39.43339
6633,20.23987
6634,37.599194
6635,50.692894
6636,12.880457
6637,17.171389
6638,34.558453
6639,34.019276
6640,14.892567
6641,18.73676
6642,40.272236
6643,36.13304
6644,51.243607
6645,47.564075
6646,16.495043
6647,18.806828
6648,47.468437
6649,43.170685
6650,39.443233
6651,18.26021
6652,39.04047
6653,36.034187
6654,19.242895
6655,48.061825
6656,27.779644
6657,39.04047
6658,39.867912
6659,35.180576
6660,39.961437
6661,47.95797
6662,41.65423
6663,45.170433
6664,35.900265
6665,45.502296
6666,12.684688
6667,49.454918
6668,48.840683
6669,40.15298
6670,13.165338
6671,47.710163
6672,19.365038
6673,56.105465
6674,48.925846
6675,36.82543
6676,47.95797
6677,32.808804
6678,32.0077
6679,39.60369
6680,35.48981
6681,17.208715
6682,19.275974
6683,28.929052
6684,49.092983
6685,58.6072
6686,39.04047
6687,46.44144
6688,48.698997
6689,19.085215
6690,15.707115
6691,25.660963
6692,51.34172
6693,42.327152
6694,40.51807
6695,42.276924
6696,38.693554
6697,47.667175
6698,40.344364
6699,44.659
6700,22.743399
6701,14.930871
6702,51.79246
6703,36.727936
6704,46.862015
6705,42.276924
6706,13.631212
6707,15.794113
6708,32.261185
6709,39.443233
6710,15.660806
6711,16.37382
6712,19.171486
6713,34.23003
6714,46.735096
6715,17.471281
6716,42.67053
6717,38.56475
6718,32.0572
6719,34.23003
6720,60.899036
6721,19.898897
6722,24.490345
6723,46.615974
6724,37.444817
6725,26.766632
6726,38.177593
6727,35.68747
6728,46.429127
6729,40.432552
6730,39.818222
6731,34.15171
6732,48.835346
6733,32.808804
6734,37.184986
6735,25.12158
6736,24.28757
6737,41.141113
6738,36.19485
6739,47.609535
6740,44.77237
6741,19.365038
6742,44.8618
6743,47.839813
6744,38.60596
6745,39.619923
6746,35.792953
6747,14.6309595
6748,19.085215
6749,47.667175
6750,33.238453
6751,44.798542
6752,36.505947
6753,13.756266
6754,26.539486
6755,41.63461
6756,40.14873
6757,36.534054
6758,36.929985
6759,39.824867
6760,38.56174
6761,31.892954
6762,38.04748
6763,40.322624
6764,32.45578
6765,21.211027
6766,33.78842
6767,51.990547
6768,46.415943
6769,34.199017
6770,37.15361
6771,46.038036
6772,45.48132
6773,35.43712
6774,23.23195
6775,39.345818
6776,17.863455
6777,37.39081
6778,42.49648
6779,38.810226
6780,20.47103
6781,57.603043
6782,22.803509
6783,32.92929
6784,15.96598
6785,18.408537
6786,39.43339
6787,40.63631
6788,17.204357
6789,43.61076
6790,35.893627
6791,39.625214
6792,35.200794
6793,36.073162
6794,47.041557
6795,45.95138
6796,19.940039
6797,15.306875
6798,17.119009
6799,36.04521
6800,42.20384
6801,50.442818
6802,32.755157
6803,44.35762
6804,60.899036
6805,20.882782
6806,25.222256
6807,36.14773
6808,48.986156
6809,38.40749
6810,35.39675
6811,15.218644
6812,36.534054
6813,37.092705
6814,36.883896
6815,19.468363
6816,12.684688
6817,36.553764
6818,20.826147
6819,33.712624
6820,33.238453
6821,32.07356
6822,21.01885
6823,40.588207
6824,36.518307
6825,39.45663
6826,12.889112
6827,12.889112
6828,34.23003
6829,58.620678
6830,57.338272
6831,36.80561
6832,61.92929
6833,49.158657
6834,46.625687
6835,24.626833
6836,30.417225
6837,59.48352
6838,18.29267
6839,40.075706
6840,16.758276
6841,32.376923
6842,47.95797
6843,41.246944
6844,32.771908
6845,21.79004
6846,34.80242
6847,21.809027
6848,36.600388
6849,44.880928
6850,19.903677
6851,18.424232
6852,40.450516
6853,34.915455
6854,39.086796
6855,49.51136
6856,34.65877
6857,39.848206
6858,40.8284
6859,26.306887
6860,36.84254
6861,33.503143
6862,46.158077
6863,21.163595
6864,43.601715
6865,38.86106
6866,52.894062
6867,15.616401
6868,23.281052
6869,26.769217
6870,44.087032
6871,44.065502
6872,44.24665
6873,39.38331
6874,37.78016
6875,41.18814
6876,36.181694
6877,17.220367
6878,39.818222
6879,20.51535
6880,47.710163
6881,38.327423
6882,34.172844
6883,13.165338
6884,19.536793
6885,40.723686
6886,28.752903
6887,49.873158
6888,41.876568
6889,46.74564
6890,54.114468
6891,37.86092
6892,37.78016
6893,42.20384
6894,33.78842
6895,53.439327
6896,19.275974
6897,36.600388
6898,32.840324
6899,27.449886
6900,31.46215
6901,18.713537
6902,39.625214
6903,29.521875
6904,37.587868
6905,40.482788
6906,43.002098
6907,21.49841
6908,34.199017
6909,32.20015
6910,33.431183
6911,40.39131
6912,38.791252
6913,19.275974
6914,50.692894
6915,36.674854
6916,34.919228
6917,26.273829
6918,15.548244
6919,38.603714
6920,33.869186
6921,40.35999
6922,39.69245
6923,19.365038
6924,52.274612
6925,47.306213
6926,32.92929
6927,31.559052
6928,38.36391
6929,51.406914
6930,48.503357
6931,18.602982
6932,36.49925
6933,33.097343
6934,34.199017
6935,36.182182
6936,21.445293
6937,27.365047
6938,53.324493
6939,38.810196
6940,30.055025
6941,15.688426
6942,23.226706
6943,40.484245
6944,42.689228
6945,27.72557
6946,50.7793
6947,48.242935
6948,35.144753
6949,17.355333
6950,39.284718
6951,37.88619
6952,31.821426
6953,39.669548
6954,34.089855
6955,49.674458
6956,35.378353
6957,19.135454
6958,44.065502
6959,18.106674
6960,48.831238
6961,39.76064
6962,18.26021
6963,35.33383
6964,53.093204
6965,36.5923
6966,54.535446
6967,45.560448
6968,38.430687
6969,36.189125
6970,29.762697
6971,34.199017
6972,38.225315
6973,54.756126
6974,34.23003
6975,25.769102
6976,41.229008
6977,32.840324
6978,21.356077
6979,48.60891
6980,14.05579
6981,23.092865
6982,42.876995
6983,32.87157
6984,40.22471
6985,35.27815
6986,30.39158
6987,58.382652
6988,44.324585
6989,46.547577
6990,30.403498
6991,39.70577
6992,52.000103
6993,38.884296
6994,32.616047
6995,50.45995
6996,18.98178
6997,43.859604
6998,44.038788
6999,18.98178
7000,39.76064
7001,18.68945
7002,22.332516
7003,23.24978
7004,31.821426
7005,19.085215
7006,31.50224
7007,34.259716
7008,45.209885
7009,21.49841
7010,40.350136
7011,26.762444
7012,47.525608
7013,36.39104
7014,45.721
7015,31.521534
7016,39.600914
7017,39.818222
7018,56.17817
7019,48.001106
7020,18.621122
7021,31.108246
7022,33.154232
7023,39.033363
7024,34.350388
7025,39.848206
7026,39.345818
7027,21.356077
7028,37.0848
7029,34.089855
7030,19.275974
7031,40.63631
7032,43.170685
7033,37.22643
7034,13.257691
7035,31.069172
7036,24.723618
7037,40.22471
7038,14.526882
7039,34.23003
7040,36.179478
7041,34.613663
7042,35.21854
7043,31.888031
7044,48.305225
7045,33.96807
7046,35.21854
7047,38.309494
7048,50.442818
7049,38.60596
7050,33.51543
7051,46.036026
7052,39.157753
7053,39.848206
7054,19.085215
7055,18.925945
7056,31.892954
7057,19.275974
7058,41.603474
7059,36.069138
7060,48.840683
7061,39.818222
7062,50.46383
7063,49.20731
7064,42.44931
7065,20.629875
7066,34.613663
7067,52.626316
7068,39.492
7069,19.171118
7070,24.601955
7071,34.2614
7072,39.04047
7073,47.667175
7074,35.29309
7075,39.85762
7076,22.803509
7077,47.496048
7078,26.762444
7079,50.52591
7080,35.893627
7081,36.38217
7082,47.95797
7083,37.72129
7084,40.465195
7085,30.893877
7086,40.169884
7087,46.357494
7088,40.22471
7089,40.22471
7090,19.627722
7091,16.539757
7092,36.548397
7093,30.026457
7094,37.78016
7095,52.89305
7096,33.96807
7097,39.72135
7098,47.95797
7099,44.83988
7100,19.461864
7101,21.441975
7102,32.483864
7103,47.30161
7104,39.74094
7105,19.275974
7106,40.51648
7107,40.66813
7108,39.486816
7109,47.51349
7110,49.11603
7111,38.56475
7112,42.189987
7113,38.7507
7114,18.162813
7115,21.001823
7116,46.710938
7117,28.530855
7118,19.518269
7119,16.040941
7120,46.41846
7121,40.813313
7122,21.445293
7123,49.998882
7124,35.56983
7125,46.710938
7126,38.770725
7127,47.508377
7128,18.162813
7129,35.21854
7130,46.09709
7131,52.116444
7132,37.587868
7133,31.793774
7134,47.121174
7135,36.468803
7136,47.55388
7137,23.184523
7138,47.321983
7139,39.619263
7140,35.723198
7141,37.422085
7142,47.741085
7143,32.765335
7144,36.08758
7145,19.171118
7146,44.065502
7147,35.761604
7148,40.130417
7149,33.608654
7150,47.839813
7151,39.082542
7152,17.119009
7153,20.636206
7154,30.39158
7155,44.49548
7156,52.585537
7157,39.625214
7158,53.78056
7159,33.89907
7160,48.350666
7161,43.178864
7162,40.22471
7163,46.839195
7164,36.468803
7165,33.2189
7166,34.98698
7167,33.51543
7168,34.27571
7169,34.199017
7170,45.231327
7171,34.248585
7172,48.72156
7173,46.78311
7174,39.284718
7175,59.93278
7176,46.56331
7177,47.95797
7178,26.667454
7179,43.54271
7180,19.5222
7181,36.096443
7182,43.918056
7183,26.408133
7184,20.82825
7185,62.360878
7186,31.021019
7187,39.04047
7188,32.168198
7189,19.275974
7190,22.165354
7191,34.199017
7192,44.57852
7193,36.917004
7194,36.215607
7195,31.892954
7196,47.543304
7197,40.22471
7198,46.510685
7199,31.339823
7200,41.94855
7201,38.65903
7202,36.096443
7203,35.956104
7204,15.998921
7205,20.101963
7206,17.472029
7207,40.697464
7208,35.92169
7209,34.262936
7210,54.12127
7211,20.199934
7212,32.660027
7213,19.15477
7214,34.919228
7215,35.416992
7216,19.722137
7217,52.306366
7218,28.806246
7219,33.869186
7220,20.356142
7221,22.803509
7222,40.496513
7223,48.968647
7224,44.44355
7225,18.689974
7226,40.15298
7227,17.053108
7228,22.332516
7229,28.530855
7230,30.893877
7231,46.980793
7232,48.726414
7233,23.9336
7234,17.119009
7235,34.724174
7236,45.945995
7237,24.224405
7238,37.129158
7239,46.43154
7240,19.518269
7241,27.120014
7242,54.889973
7243,16.647808
7244,36.67018
7245,49.805992
7246,14.763659
7247,41.229008
7248,36.809334
7249,45.170433
7250,39.021687
7251,28.530855
7252,49.835495
7253,49.39896
7254,22.371454
7255,39.70577
7256,51.760376
7257,42.57817
7258,47.667175
7259,46.862015
7260,16.085825
7261,46.6455
7262,36.937744
7263,59.48352
7264,40.864834
7265,39.341427
7266,48.925846
7267,39.600914
7268,39.284718
7269,32.331665
7270,37.875973
7271,41.65548
7272,15.269589
7273,35.889145
7274,29.740232
7275,45.73032
7276,51.977295
7277,46.839195
7278,43.186646
7279,43.910976
7280,44.118534
7281,47.370907
7282,44.24665
7283,33.390102
7284,35.100903
7285,36.553764
7286,36.700752
7287,19.936296
7288,40.813313
7289,27.907684
7290,42.839314
7291,39.443233
7292,23.559711
7293,46.230717
7294,47.097256
7295,32.33588
7296,19.275974
7297,40.22471
7298,39.608814
7299,14.168386
7300,39.801517
7301,32.888344
7302,40.12629
7303,41.17579
7304,51.052643
7305,37.78016
7306,14.205884
7307,17.99782
7308,39.284718
7309,32.840324
7310,40.63631
7311,41.94855
7312,51.69585
7313,27.497799
7314,31.408278
7315,28.04848
7316,33.18736
7317,40.350136
7318,35.751045
7319,50.511925
7320,38.327423
7321,40.508694
7322,52.10653
7323,29.834053
7324,40.01149
7325,21.26737
7326,37.78016
7327,40.343956
7328,21.356077
7329,38.56475
7330,15.556413
7331,39.848206
7332,40.148777
7333,44.373745
7334,19.903677
7335,37.78016
7336,17.633762
7337,12.3370905
7338,18.521198
7339,35.49984
7340,27.12255
7341,43.170685
7342,39.559464
7343,45.704895
7344,33.219376
7345,49.092983
7346,19.819056
7347,33.96807
7348,49.566353
7349,15.707115
7350,20.47103
7351,14.845144
7352,38.56174
7353,37.697243
7354,40.450516
7355,48.840683
7356,47.590702
7357,33.67234
7358,35.600517
7359,35.416992
7360,33.78842
7361,52.155052
7362,40.15298
7363,39.600914
7364,63.886677
7365,32.393642
7366,46.553288
7367,48.29983
7368,17.401176
7369,35.586987
7370,19.620968
7371,32.840324
7372,42.20384
7373,19.802326
7374,12.684688
7375,37.587868
7376,35.478188
7377,50.83955
7378,35.105324
7379,19.085215
7380,18.837788
7381,31.601671
7382,18.26021
7383,45.405735
7384,15.426826
7385,27.764828
7386,37.83888
7387,41.207745
7388,33.51543
7389,39.68525
7390,35.339214
7391,21.175615
7392,18.428967
7393,48.835346
7394,32.92929
7395,36.534054
7396,46.033382
7397,45.50848
7398,51.087536
7399,31.564217
7400,35.05239
7401,39.276443
7402,48.60891
7403,49.445087
7404,20.47103
7405,43.3887
7406,34.199017
7407,39.70577
7408,15.663697
7409,42.165268
7410,19.386024
7411,26.762444
7412,19.940039
7413,39.961433
7414,25.537632
7415,43.807335
7416,36.171837
7417,37.14388
7418,39.284718
7419,33.988865
7420,43.347908
7421,34.83357
7422,37.86092
7423,39.04047
7424,30.059174
7425,21.01885
7426,41.478718
7427,50.95846
7428,35.56983
7429,36.67572
7430,49.80598
7431,39.717175
7432,47.564075
7433,49.800976
7434,51.990547
7435,23.361794
7436,17.464956
7437,16.093351
7438,35.94707
7439,43.178864
7440,36.84254
7441,45.494465
7442,41.325336
7443,39.76064
7444,19.01814
7445,33.47882
7446,18.98178
7447,40.22471
7448,19.275974
7449,21.019047
7450,40.096752
7451,19.620968
7452,35.433613
7453,49.71919
7454,38.177593
7455,41.45637
7456,32.376923
7457,47.893482
7458,48.840683
7459,48.53897
7460,40.63631
7461,58.009796
7462,38.65903
7463,42.539307
7464,50.27374
7465,50.37386
7466,14.763659
7467,24.905277
7468,47.95797
7469,39.9004
7470,37.129158
7471,30.888796
7472,50.37386
7473,23.518438
7474,39.961437
7475,35.716145
7476,32.840324
7477,35.669075
7478,26.631943
7479,37.786247
7480,35.213444
7481,31.892954
7482,34.724842
7483,49.951862
7484,38.847553
7485,19.275974
7486,15.602259
7487,51.27894
7488,36.275055
7489,32.331665
7490,17.693388
7491,37.0848
7492,40.66813
7493,17.322292
7494,43.836304
7495,42.276924
7496,50.181236
7497,35.16588
7498,33.777393
7499,19.517479
7500,19.620968
7501,35.68747
7502,39.848206
7503,38.98125
7504,14.968211
7505,37.26056
7506,39.848206
7507,35.189777
7508,17.171389
7509,45.930378
7510,36.38571
7511,20.51535
7512,17.760931
7513,40.201694
7514,38.40707
7515,49.163597
7516,35.03983
7517,36.32141
7518,21.088963
7519,35.105324
7520,26.984009
7521,14.07509
7522,18.765305
7523,39.790943
7524,38.306046
7525,16.961697
7526,14.904502
7527,36.600388
7528,40.432552
7529,18.602982
7530,18.454676
7531,20.389988
7532,39.027504
7533,37.365757
7534,41.229008
7535,44.26347
7536,25.597153
7537,19.085215
7538,57.338272
7539,45.274937
7540,35.493675
7541,13.631212
7542,15.559666
7543,34.41524
7544,48.261524
7545,47.9531
7546,22.362116
7547,15.581277
7548,39.135418
7549,21.356077
7550,12.3370905
7551,38.69822
7552,42.689228
7553,48.70745
7554,36.964817
7555,51.876022
7556,38.65564
7557,47.44881
7558,33.84998
7559,31.498648
7560,43.39893
7561,39.488056
7562,48.67495
7563,33.482044
7564,40.826782
7565,15.602259
7566,38.452877
7567,40.450516
7568,50.582573
7569,21.79004
7570,26.186987
7571,44.373745
7572,37.69502
7573,59.48352
7574,46.287193
7575,32.417046
7576,19.785076
7577,34.81025
7578,24.371294
7579,20.51535
7580,18.837788
7581,35.416992
7582,38.56475
7583,22.803509
7584,55.39736
7585,49.060238
7586,23.70922
7587,24.808155
7588,40.18344
7589,24.10905
7590,45.73408
7591,36.14773
7592,21.356077
7593,51.50357
7594,47.126972
7595,31.990395
7596,42.98227
7597,50.870934
7598,22.52851
7599,34.15171
7600,39.291977
7601,35.765026
7602,33.57689
7603,38.30561
7604,39.919712
7605,15.957905
7606,31.441723
7607,30.39158
7608,48.840683
7609,52.26201
7610,34.199017
7611,46.39516
7612,35.96888
7613,34.549004
7614,34.019276
7615,19.275974
7616,39.76064
7617,31.236244
7618,39.09799
7619,35.78147
7620,30.53732
7621,47.062016
7622,25.390116
7623,39.848206
7624,13.802361
7625,40.6756
7626,40.08059
7627,40.66813
7628,34.172844
7629,34.11414
7630,20.17942
7631,35.271385
7632,36.700752
7633,13.165338
7634,38.53431
7635,23.564121
7636,41.591114
7637,39.70577
7638,18.986706
7639,33.482044
7640,32.331665
7641,19.275974
7642,40.350136
7643,39.70577
7644,42.007324
7645,19.0816
7646,22.175438
7647,35.271385
7648,37.181602
7649,17.686987
7650,51.243607
7651,25.048391
7652,16.642923
7653,40.73045
7654,46.193783
7655,39.174515
7656,49.98374
7657,46.2842
7658,41.19641
7659,46.130547
7660,37.78016
7661,35.342815
7662,39.41943
7663,40.588207
7664,35.27927
7665,35.125725
7666,37.22643
7667,22.811398
7668,57.338272
7669,34.039364
7670,40.22471
7671,14.150041
7672,35.42235
7673,15.496543
7674,22.456356
7675,18.18075
7676,17.28034
7677,25.720308
7678,35.752014
7679,39.818222
7680,40.350136
7681,40.272236
7682,45.83239
7683,40.450516
7684,36.25664
7685,40.834393
7686,33.985626
7687,24.441744
7688,27.15082
7689,37.698185
7690,37.0819
7691,23.518438
7692,46.32121
7693,39.72135
7694,36.96135
7695,34.884098
7696,46.956978
7697,28.007273
7698,39.94523
7699,42.165268
7700,50.134865
7701,40.432552
7702,37.066948
7703,48.31762
7704,13.767728
7705,34.350388
7706,43.72954
7707,39.086796
7708,33.482044
7709,33.593216
7710,34.172844
7711,35.189777
7712,54.756126
7713,30.151873
7714,35.184746
7715,40.002945
7716,26.787212
7717,18.68945
7718,47.68198
7719,14.150041
7720,43.091206
7721,15.85698
7722,39.486816
7723,36.069138
7724,36.81521
7725,14.205884
7726,49.835495
7727,34.34948
7728,45.987957
7729,46.710938
7730,39.848206
7731,47.633217
7732,30.490065
7733,58.753105
7734,18.26021
7735,34.218353
7736,24.886381
7737,57.338272
7738,61.92929
7739,40.38536
7740,33.616783
7741,19.036383
7742,35.16588
7743,37.848045
7744,39.848206
7745,31.108246
7746,29.098001
7747,33.390102
7748,22.179598
7749,42.10685
7750,36.81521
7751,31.742672
7752,37.22643
7753,27.764828
7754,38.56475
7755,41.175938
7756,42.800735
7757,34.199017
7758,39.600914
7759,34.576607
7760,45.496586
7761,42.26516
7762,46.710938
7763,18.106674
7764,58.620678
7765,33.605064
7766,40.350136
7767,39.04027
7768,40.15298
7769,34.307484
7770,35.43712
7771,38.528893
7772,45.41899
7773,42.9056
7774,45.774628
7775,39.04047
7776,40.8296
7777,40.272236
7778,20.22324
7779,33.629116
7780,19.468363
7781,34.172844
7782,45.704895
7783,18.68945
7784,34.199017
7785,47.09559
7786,41.67855
7787,38.65564
7788,40.486073
7789,34.199017
7790,15.556413
7791,39.059875
7792,47.20923
7793,37.090603
7794,23.3113
7795,34.66222
7796,59.50164
7797,41.052067
7798,28.262945
7799,21.001823
7800,46.2842
7801,18.602982
7802,14.188929
7803,39.70577
7804,36.52965
7805,37.830822
7806,34.23003
7807,18.26021
7808,36.917004
7809,41.665157
7810,41.19641
7811,35.672237
7812,19.621922
7813,22.788034
7814,36.461235
7815,48.099125
7816,26.273829
7817,33.765198
7818,21.382046
7819,39.76064
7820,43.170685
7821,21.211027
7822,55.06517
7823,19.468363
7824,53.895718
7825,23.895836
7826,49.547745
7827,13.593125
7828,38.581245
7829,16.774183
7830,51.243607
7831,17.85891
7832,33.482044
7833,40.588207
7834,39.600914
7835,34.019276
7836,56.17817
7837,15.421281
7838,33.79393
7839,36.00209
7840,34.218353
7841,38.529293
7842,20.577068
7843,17.264925
7844,32.592644
7845,41.65548
7846,35.96888
7847,39.950348
7848,16.94517
7849,20.158794
7850,26.413754
7851,36.67572
7852,37.830822
7853,32.840324
7854,24.43726
7855,50.637726
7856,30.893877
7857,23.149145
7858,34.560513
7859,42.839314
7860,17.863455
7861,37.830822
7862,37.26056
7863,18.30894
7864,39.874844
7865,15.740684
7866,33.48127
7867,35.184746
7868,23.281052
7869,18.707308
7870,33.51543
7871,13.563433
7872,28.048779
7873,38.31128
7874,34.26305
7875,47.747364
7876,34.199017
7877,20.882782
7878,15.556413
7879,16.37382
7880,17.396055
7881,30.46901
7882,33.039936
7883,50.02403
7884,21.769716
7885,39.625214
7886,19.468363
7887,39.38331
7888,49.682926
7889,41.723434
7890,43.139217
7891,42.020393
7892,26.109018
7893,34.089855
7894,36.43201
7895,52.155052
7896,47.389797
7897,39.790943
7898,42.494843
7899,17.314098
7900,19.085215
7901,38.065765
7902,32.33588
7903,17.119009
7904,54.65184
7905,46.6228
7906,40.15298
7907,57.793915
7908,34.248585
7909,39.848206
7910,45.14697
7911,19.275974
7912,45.73408
7913,34.199017
7914,20.89579
7915,29.64166
7916,47.564075
7917,36.599224
7918,38.69822
7919,37.395824
7920,16.720907
7921,38.693897
7922,46.158077
7923,37.78016
7924,47.08374
7925,50.02403
7926,42.165268
7927,33.238453
7928,38.78155
7929,39.759846
7930,34.905125
7931,57.338272
7932,39.94523
7933,15.556413
7934,46.488
7935,21.740358
7936,47.667175
7937,18.26021
7938,50.37386
7939,35.100903
7940,40.22471
7941,20.432062
7942,37.05733
7943,32.840324
7944,18.057985
7945,43.170685
7946,37.0848
7947,17.472029
7948,49.092983
7949,20.479776
7950,36.883896
7951,16.505646
7952,15.998921
7953,55.06517
7954,37.15361
7955,47.710163
7956,38.86106
7957,14.763659
7958,45.73408
7959,17.10036
7960,47.667175
7961,35.893627
7962,15.176217
7963,40.31778
7964,39.36507
7965,45.545868
7966,43.79879
7967,17.119009
7968,18.914133
7969,37.786247
7970,44.24665
7971,38.640606
7972,24.927565
7973,38.86106
7974,51.27894
7975,38.78335
7976,39.54523
7977,38.962135
7978,43.07847
7979,17.169142
7980,17.119009
7981,41.19641
7982,35.01312
7983,34.573067
7984,18.86203
7985,39.76064
7986,40.765896
7987,44.77237
7988,39.855232
7989,40.22471
7990,19.940039
7991,24.880268
7992,19.6531
7993,54.356007
7994,39.818222
7995,32.759075
7996,35.44164
7997,43.55191
7998,48.883858
7999,37.05733
8000,20.882782
8001,31.892954
8002,38.94566
8003,35.01085
8004,39.961433
8005,39.04047
8006,50.60528
8007,18.106674
8008,34.376423
8009,20.829939
8010,51.243607
8011,20.47103
8012,35.96888
8013,35.136265
8014,34.172844
8015,16.774183
8016,37.688538
8017,38.580917
8018,48.98041
8019,19.52119
8020,30.979769
8021,32.891365
8022,15.139576
8023,31.779823
8024,19.085215
8025,36.962837
8026,46.66725
8027,33.51543
8028,38.65564
8029,17.379398
8030,39.443233
8031,31.867773
8032,33.802837
8033,37.928806
8034,39.94523
8035,17.16195
8036,48.310574
8037,49.255
8038,22.76933
8039,38.430687
8040,50.411705
8041,22.034252
8042,39.43339
8043,21.356077
8044,31.651316
8045,35.266476
8046,34.73531
8047,51.84461
8048,39.790943
8049,18.684683
8050,40.217545
8051,40.12629
8052,32.331665
8053,37.290424
8054,58.753105
8055,47.46119
8056,27.15082
8057,35.105324
8058,18.202696
8059,29.40635
8060,45.24185
8061,29.928276
8062,37.176632
8063,45.48132
8064,36.540268
8065,38.770725
8066,27.15082
8067,38.56174
8068,34.446297
8069,49.835495
8070,21.088963
8071,51.25004
8072,58.753105
8073,39.70577
8074,39.600914
8075,26.572895
8076,23.281052
8077,21.211027
8078,21.385725
8079,20.00212
8080,46.038036
8081,44.725647
8082,47.95797
8083,46.48331
8084,47.113064
8085,31.661835
8086,18.269314
8087,35.96888
8088,30.893877
8089,20.00212
8090,39.832825
8091,39.186646
8092,33.51543
8093,45.48132
8094,47.062016
8095,31.40962
8096,17.910404
8097,19.085215
8098,34.199017
8099,23.735256
8100,38.39291
8101,41.299156
8102,19.275974
8103,49.171886
8104,46.072456
8105,25.169067
8106,32.511898
8107,34.76799
8108,39.021687
8109,20.882782
8110,36.600388
8111,40.350056
8112,50.01642
8113,45.70514
8114,25.726936
8115,39.76064
8116,39.1997
8117,24.383589
8118,38.327423
8119,53.10963
8120,36.84254
8121,14.58466
8122,31.429276
8123,42.124866
8124,29.908268
8125,35.184746
8126,23.559711
8127,39.617405
8128,29.379478
8129,58.620678
8130,42.758102
8131,40.22471
8132,16.181902
8133,33.18736
8134,18.368196
8135,19.275974
8136,36.069138
8137,52.163956
8138,40.08059
8139,36.7907
8140,20.636206
8141,34.30065
8142,19.275974
8143,23.209446
8144,44.032665
8145,49.365112
8146,41.94855
8147,51.69585
8148,18.61111
8149,47.998985
8150,53.103603
8151,34.80242
8152,17.182068
8153,19.726849
8154,33.12404
8155,28.04848
8156,47.306213
8157,38.60596
8158,38.71649
8159,21.01885
8160,44.522434
8161,51.46481
8162,47.68198
8163,45.48132
8164,34.814354
8165,24.640594
8166,40.209248
8167,49.403835
8168,31.893236
8169,35.96888
8170,32.688473
8171,45.73408
8172,16.655447
8173,40.81715
8174,35.234093
8175,21.769716
8176,48.835346
8177,25.603102
8178,21.857668
8179,37.187737
8180,44.91382
8181,19.462374
8182,47.95797
8183,25.346704
8184,35.66965
8185,47.321983
8186,21.79004
8187,35.340767
8188,14.150041
8189,17.65323
8190,47.131874
8191,19.153578
8192,21.291397
8193,34.919228
8194,39.008137
8195,27.688936
8196,46.20036
8197,49.506313
8198,43.71828
8199,39.624676
8200,26.790512
8201,44.487904
8202,32.023045
8203,21.090944
8204,45.47912
8205,32.07662
8206,56.00442
8207,58.620678
8208,45.070087
8209,55.752815
8210,57.86682
8211,18.73676
8212,15.556413
8213,39.027504
8214,44.761604
8215,38.609505
8216,40.588207
8217,42.742363
8218,36.253708
8219,36.84254
8220,32.33588
8221,39.43339
8222,33.238453
8223,23.209446
8224,45.376736
8225,35.189777
8226,51.684998
8227,47.88961
8228,34.350388
8229,19.55987
8230,37.353165
8231,32.840324
8232,45.65413
8233,43.709232
8234,39.70577
8235,35.650887
8236,33.985626
8237,33.77375
8238,19.147247
8239,28.27657
8240,49.435543
8241,15.149121
8242,47.842354
8243,40.6149
8244,37.567047
8245,51.187374
8246,34.446297
8247,35.414482
8248,51.504013
8249,32.849552
8250,18.391775
8251,48.261524
8252,42.782196
8253,34.569145
8254,39.70577
8255,36.43277
8256,23.564121
8257,35.96888
8258,42.22555
8259,25.610569
8260,17.92796
8261,42.26516
8262,35.33889
8263,15.556413
8264,41.067024
8265,21.445293
8266,51.017235
8267,41.817234
8268,21.211027
8269,35.105324
8270,25.732557
8271,18.097857
8272,39.649162
8273,19.085215
8274,41.311424
8275,20.720562
8276,40.95285
8277,39.600914
8278,21.79004
8279,17.031572
8280,43.807
8281,37.63251
8282,25.583164
8283,35.184746
8284,34.614765
8285,23.092865
8286,32.48584
8287,22.803509
8288,34.614765
8289,14.205884
8290,20.882782
8291,19.275974
8292,33.68049
8293,37.830822
8294,38.56174
8295,36.179077
8296,23.568678
8297,44.798542
8298,38.05029
8299,40.272236
8300,23.265041
8301,50.051765
8302,34.53596
8303,35.68747
8304,45.721
8305,46.463795
8306,37.830822
8307,45.721
8308,15.129074
8309,44.09531
8310,52.179874
8311,47.305183
8312,33.83125
8313,41.311424
8314,15.089712
8315,33.985626
8316,33.238453
8317,40.361588
8318,40.66813
8319,19.726849
8320,28.220072
8321,44.761604
8322,22.724222
8323,43.648148
8324,53.251743
8325,45.231327
8326,39.764942
8327,31.587671
8328,47.00003
8329,17.379398
8330,15.426826
8331,51.04559
8332,44.77237
8333,50.37386
8334,36.39104
8335,50.6561
8336,16.505646
8337,40.396618
8338,35.86429
8339,17.907585
8340,41.3847
8341,26.762444
8342,37.26494
8343,33.043415
8344,39.43339
8345,43.22408
8346,14.05579
8347,24.193432
8348,50.443367
8349,35.96208
8350,32.45578
8351,47.306213
8352,35.68747
8353,38.233173
8354,45.14697
8355,45.357487
8356,49.39427
8357,39.5689
8358,42.264816
8359,34.39816
8360,41.311447
8361,14.07509
8362,48.350666
8363,46.4535
8364,36.474056
8365,17.119009
8366,35.844387
8367,13.696014
8368,38.65903
8369,40.21193
8370,36.84254
8371,54.931416
8372,39.889645
8373,30.50886
8374,46.158077
8375,34.199017
8376,24.626833
8377,32.444336
8378,27.459543
8379,41.94855
8380,39.38331
8381,30.60688
8382,46.759865
8383,26.068867
8384,32.310013
8385,37.830822
8386,43.61076
8387,44.74755
8388,39.102703
8389,40.22471
8390,32.207428
8391,35.105324
8392,58.963886
8393,37.05733
8394,39.955105
8395,34.259716
8396,36.12907
8397,32.849552
8398,40.324615
8399,55.705166
8400,39.961437
8401,39.057583
8402,34.945473
8403,40.360943
8404,15.571958
8405,46.41846
8406,38.86106
8407,45.84091
8408,38.47624
8409,37.294823
8410,29.041843
8411,40.383472
8412,26.90574
8413,38.692448
8414,35.55898
8415,33.669575
8416,38.263783
8417,34.23003
8418,36.716984
8419,47.46712
8420,35.67774
8421,36.234337
8422,43.957664
8423,27.15082
8424,21.01885
8425,37.599194
8426,43.042793
8427,34.042973
8428,35.21854
8429,46.038036
8430,15.880842
8431,41.932434
8432,15.426826
8433,38.770725
8434,40.56253
8435,18.471292
8436,22.294088
8437,45.908955
8438,24.193432
8439,27.151312
8440,32.627834
8441,34.80242
8442,31.39397
8443,19.275974
8444,27.097347
8445,39.848206
8446,46.41846
8447,41.94855
8448,42.5396
8449,17.760931
8450,56.864456
8451,17.304594
8452,39.284718
8453,31.892954
8454,47.285194
8455,53.18861
8456,41.42289
8457,48.17613
8458,17.236378
8459,19.275974
8460,34.293755
8461,39.600914
8462,19.344372
8463,34.199017
8464,34.181667
8465,28.04848
8466,44.24665
8467,34.199017
8468,40.14655
8469,49.073246
8470,39.848206
8471,18.20802
8472,34.919228
8473,39.10967
8474,59.48352
8475,36.84254
8476,20.629875
8477,35.94707
8478,40.588207
8479,20.829939
8480,30.891832
8481,40.588207
8482,39.94523
8483,17.119009
8484,51.632645
8485,39.649162
8486,46.710938
8487,18.791533
8488,48.848274
8489,44.761604
8490,23.479507
8491,31.326612
8492,39.29335
8493,41.229008
8494,17.607967
8495,36.32805
8496,47.46642
8497,49.98374
8498,43.170685
8499,18.68945
8500,33.004128
8501,46.43154
8502,38.770725
8503,21.809027
8504,26.520824
8505,47.090904
8506,42.25858
8507,57.338272
8508,44.77237
8509,50.501736
8510,19.258095
8511,23.088531
8512,37.292606
8513,59.50164
8514,48.644436
8515,18.736849
8516,37.83055
8517,30.417225
8518,28.262945
8519,19.085215
8520,42.735687
8521,39.60853
8522,23.564121
8523,27.15082
8524,45.942913
8525,26.166676
8526,45.75237
8527,38.528893
8528,48.76562
8529,19.085215
8530,47.647697
8531,24.94357
8532,20.560856
8533,17.316069
8534,38.86106
8535,18.983332
8536,39.818222
8537,19.275974
8538,42.889744
8539,36.242245
8540,14.167686
8541,20.746174
8542,40.200966
8543,20.51535
8544,30.39158
8545,43.648148
8546,31.892954
8547,36.468803
8548,17.129175
8549,51.74483
8550,24.378422
8551,45.48132
8552,37.354546
8553,25.678493
8554,32.33588
8555,39.027504
8556,40.432552
8557,50.134865
8558,39.848206
8559,49.274075
8560,18.26021
8561,39.086796
8562,47.839813
8563,33.712624
8564,37.87727
8565,49.59518
8566,17.65323
8567,27.20077
8568,39.848206
8569,41.876568
8570,21.009737
8571,43.7156
8572,27.761421
8573,21.26737
8574,47.857136
8575,41.876568
8576,29.249521
8577,44.44355
8578,36.346066
8579,41.02121
8580,33.215096
8581,40.432552
8582,42.276924
8583,39.608814
8584,32.71784
8585,39.848206
8586,43.601715
8587,36.95145
8588,42.433887
8589,39.818222
8590,20.89579
8591,48.84149
8592,37.26494
8593,31.892954
8594,39.41943
8595,27.922235
8596,23.00338
8597,40.08059
8598,43.72954
8599,40.588207
8600,45.48132
8601,34.172844
8602,15.426826
8603,19.001822
8604,32.97364
8605,51.187374
8606,30.096958
8607,41.18814
8608,21.301243
8609,15.602259
8610,54.705162
8611,59.50164
8612,34.34948
8613,37.933697
8614,59.48352
8615,35.83359
8616,36.6253
8617,51.187374
8618,26.97199
8619,46.09709
8620,45.770855
8621,14.915572
8622,17.910404
8623,34.571083
8624,20.320953
8625,27.343681
8626,34.712906
8627,34.80242
8628,42.09754
8629,20.136127
8630,37.23662
8631,44.77237
8632,37.26494
8633,45.48132
8634,19.829262
8635,63.886677
8636,36.63856
8637,35.5233
8638,48.880688
8639,39.20061
8640,34.199017
8641,38.177593
8642,59.48352
8643,48.11578
8644,46.964485
8645,46.72872
8646,36.38571
8647,51.684998
8648,39.961437
8649,33.802544
8650,22.753122
8651,36.674854
8652,39.649162
8653,17.706179
8654,36.917004
8655,52.802017
8656,24.193432
8657,40.450516
8658,13.535563
8659,26.015717
8660,16.915329
8661,36.13128
8662,40.450516
8663,39.086796
8664,18.11302
8665,39.600914
8666,39.348698
8667,48.17782
8668,45.48132
8669,59.342556
8670,18.034061
8671,40.865368
8672,19.517479
8673,41.311424
8674,41.229008
8675,34.889454
8676,23.092865
8677,40.14873
8678,19.344372
8679,33.18736
8680,18.795595
8681,41.33119
8682,48.798576
8683,35.35132
8684,46.2817
8685,12.889112
8686,31.661835
8687,29.722675
8688,35.136265
8689,33.96807
8690,21.26737
8691,40.324615
8692,47.839813
8693,24.110369
8694,14.930871
8695,35.105324
8696,13.863131
8697,18.106674
8698,34.350388
8699,39.818222
8700,24.927565
8701,34.828682
8702,40.588207
8703,22.946644
8704,46.510685
8705,21.01885
8706,48.13405
8707,27.791004
8708,42.276924
8709,49.800976
8710,42.8139
8711,36.700752
8712,39.443233
8713,36.65125
8714,35.189777
8715,35.01085
8716,19.903677
8717,39.579987
8718,22.597115
8719,14.05579
8720,37.86092
8721,36.14773
8722,39.344147
8723,40.450516
8724,20.607359
8725,35.01085
8726,18.269314
8727,51.40217
8728,48.347977
8729,34.199017
8730,47.131874
8731,26.015717
8732,48.952293
8733,48.883858
8734,32.555294
8735,40.82975
8736,41.229008
8737,40.272236
8738,55.06517
8739,20.742767
8740,30.893877
8741,35.893627
8742,19.528473
8743,53.61842
8744,52.000103
8745,42.165268
8746,47.040813
8747,18.08972
8748,48.563168
8749,48.840683
8750,15.434924
8751,35.893627
8752,35.66289
8753,17.545395
8754,35.623466
8755,36.67572
8756,42.096245
8757,43.09179
8758,36.38571
8759,21.421717
8760,15.707115
8761,42.50077
8762,53.82678
8763,45.37134
8764,38.824013
8765,55.779083
8766,36.39104
8767,21.740358
8768,40.79888
8769,33.63241
8770,34.553017
8771,18.602982
8772,17.787367
8773,46.814682
8774,35.98926
8775,17.444313
8776,14.462733
8777,51.632645
8778,34.658375
8779,26.248089
8780,25.928349
8781,45.568726
8782,51.243607
8783,35.48981
8784,15.110348
8785,42.11837
8786,39.38331
8787,28.530855
8788,57.008766
8789,18.162813
8790,34.98903
8791,40.15298
8792,39.961433
8793,55.752815
8794,34.614765
8795,34.724842
8796,20.389988
8797,39.640156
8798,17.472029
8799,48.305225
8800,41.18814
8801,47.42199
8802,38.051983
8803,13.165338
8804,21.575966
8805,43.72954
8806,35.818615
8807,19.52119
8808,35.96888
8809,19.282154
8810,35.271385
8811,42.165268
8812,47.56283
8813,22.357262
8814,38.22076
8815,40.49222
8816,44.0662
8817,41.311424
8818,41.876568
8819,33.2332
8820,21.088963
8821,19.01814
8822,18.925945
8823,39.069557
8824,35.21854
8825,39.67141
8826,18.986706
8827,40.14873
8828,39.81957
8829,44.36018
8830,44.994915
8831,44.820583
8832,39.70577
8833,19.275974
8834,42.57817
8835,58.97776
8836,47.73417
8837,40.432552
8838,51.738815
8839,56.4402
8840,19.275974
8841,16.655447
8842,44.761604
8843,37.76459
8844,40.610695
8845,42.331745
8846,15.666038
8847,46.41846
8848,30.87202
8849,15.707115
8850,50.377228
8851,44.820583
8852,15.684626
8853,34.199017
8854,15.556413
8855,40.486073
8856,21.740358
8857,47.306213
8858,21.818262
8859,55.779083
8860,58.620678
8861,15.616401
8862,57.338272
8863,50.125664
8864,33.35963
8865,35.24307
8866,36.08993
8867,19.344372
8868,16.84684
8869,13.51553
8870,35.94746
8871,40.132866
8872,42.395683
8873,23.003561
8874,26.015923
8875,15.571958
8876,25.647505
8877,46.57876
8878,28.280895
8879,21.382046
8880,36.08974
8881,34.352276
8882,39.04047
8883,45.992577
8884,40.148777
8885,43.818172
8886,38.56174
8887,19.344372
8888,14.05579
8889,34.724842
8890,46.43154
8891,26.19314
8892,18.837788
8893,19.085215
8894,39.961433
8895,22.447075
8896,36.096443
8897,37.221306
8898,19.171486
8899,23.265041
8900,35.75169
8901,31.42354
8902,40.350136
8903,16.495043
8904,37.78016
8905,28.048779
8906,13.8932705
8907,39.38331
8908,15.426826
8909,16.439255
8910,37.21728
8911,40.486073
8912,47.564075
8913,40.05697
8914,61.474377
8915,36.242245
8916,35.68747
8917,17.863455
8918,38.56174
8919,14.050141
8920,14.775529
8921,37.78016
8922,60.899036
8923,45.73408
8924,39.961437
8925,34.199017
8926,35.62139
8927,40.482388
8928,37.567047
8929,43.22408
8930,42.764885
8931,19.085215
8932,47.839813
8933,62.55556
8934,47.326458
8935,20.829939
8936,52.802017
8937,30.632936
8938,42.764885
8939,48.457214
8940,38.56174
8941,48.070473
8942,52.26201
8943,20.623045
8944,20.040972
8945,33.39111
8946,35.893627
8947,19.017256
8948,39.818222
8949,25.140268
8950,19.001822
8951,30.715591
8952,40.588207
8953,46.827705
8954,32.840324
8955,41.18814
8956,43.388
8957,43.85407
8958,37.78016
8959,15.601765
8960,41.02121
8961,33.834858
8962,39.460117
8963,19.036383
8964,39.818222
8965,39.625214
8966,18.925945
8967,38.02443
8968,34.29763
8969,37.688538
8970,15.616401
8971,57.338272
8972,46.09709
8973,36.501217
8974,37.587868
8975,38.56174
8976,15.707614
8977,19.275974
8978,64.85059
8979,39.70577
8980,39.92536
8981,34.80242
8982,19.518269
8983,19.171118
8984,60.899036
8985,40.344364
8986,47.866596
8987,44.57518
8988,13.786077
8989,20.11422
8990,19.381525
8991,27.155167
8992,34.15171
8993,39.608814
8994,40.39131
8995,19.518066
8996,36.38254
8997,44.26347
8998,47.895615
8999,50.573624
9000,49.512726
9001,19.52119
9002,51.2471
9003,39.600914
9004,19.468363
9005,39.818222
9006,16.539757
9007,33.454594
9008,35.200794
9009,39.126305
9010,34.259716
9011,21.969053
